slugSeason,nameTeam,namePlayer,statusPlayer,isFinalSeason,isWaived,isOnRoster,isNonGuaranteed,isTeamOption,isPlayerOption,typeContractDetail,value
2020-21,Atlanta Hawks,Bogdan Bogdanovic,current roster,0,0,1,0,0,0,Guaranteed,18000000
2020-21,Atlanta Hawks,Brandon Goodwin,current roster,0,0,1,0,0,0,Guaranteed,1701593
2020-21,Atlanta Hawks,Bruno Fernando,current roster,0,0,1,0,0,0,Guaranteed,1517981
2020-21,Atlanta Hawks,Cam Reddish,current roster,0,0,1,0,0,0,Guaranteed,4458000
2020-21,Atlanta Hawks,Clint Capela,current roster,0,0,1,0,0,0,Guaranteed,16000000
2020-21,Atlanta Hawks,Danilo Gallinari,current roster,0,0,1,0,0,0,Guaranteed,19500000
2020-21,Atlanta Hawks,De'Andre Hunter,current roster,0,0,1,0,0,0,Guaranteed,7422000
2020-21,Atlanta Hawks,John Collins,current roster,0,0,1,0,0,0,Guaranteed,4137302
2020-21,Atlanta Hawks,Kevin Huerter,current roster,0,0,1,0,0,0,Guaranteed,2761920
2020-21,Atlanta Hawks,Khyri Thomas,W,0,0,0,0,0,0,Not With Team,744684
2020-21,Atlanta Hawks,Kris Dunn,current roster,0,0,1,0,0,0,Guaranteed,4767000
2020-21,Atlanta Hawks,Lou Williams,current roster,1,0,1,0,0,0,Guaranteed,8000000
2020-21,Atlanta Hawks,Onyeka Okongwu,current roster,0,0,1,0,0,0,Guaranteed,5813640
2020-21,Atlanta Hawks,Solomon Hill,current roster,1,0,1,0,0,0,Guaranteed,1620564
2020-21,Atlanta Hawks,Tony Snell,current roster,1,0,1,0,0,0,Guaranteed,12178571
2020-21,Atlanta Hawks,Trae Young,current roster,0,0,1,0,0,0,Guaranteed,6571800
2020-21,Boston Celtics,Aaron Nesmith,current roster,0,0,1,0,0,0,Guaranteed,3458400
2020-21,Boston Celtics,Carsen Edwards,current roster,0,0,1,0,0,0,Guaranteed,1517981
2020-21,Boston Celtics,Demetrius Jackson,W,0,0,0,0,0,0,Not With Team,92857
2020-21,Boston Celtics,Evan Fournier,current roster,1,0,1,0,0,0,Guaranteed,17450000
2020-21,Boston Celtics,Grant Williams,current roster,0,0,1,0,0,0,Guaranteed,2498760
2020-21,Boston Celtics,Guerschon Yabusele,W,0,0,0,0,0,0,Not With Team,1039080
2020-21,Boston Celtics,Jaylen Brown,current roster,0,0,1,0,0,0,Guaranteed,23437500
2020-21,Boston Celtics,Jayson Tatum,current roster,0,0,1,0,0,0,Guaranteed,9897120
2020-21,Boston Celtics,Kemba Walker,current roster,0,0,1,0,0,0,Guaranteed,34379100
2020-21,Boston Celtics,Luke Kornet,current roster,1,0,1,0,0,0,Guaranteed,2250000
2020-21,Boston Celtics,Marcus Smart,current roster,0,0,1,0,0,0,Guaranteed,13446428
2020-21,Boston Celtics,Moritz Wagner,current roster,1,0,1,0,0,0,Guaranteed,2161920
2020-21,Boston Celtics,Payton Pritchard,current roster,0,0,1,0,0,0,Guaranteed,2035800
2020-21,Boston Celtics,Robert Williams,current roster,0,0,1,0,0,0,Guaranteed,2029920
2020-21,Boston Celtics,Romeo Langford,current roster,0,0,1,0,0,0,Guaranteed,3631200
2020-21,Boston Celtics,Semi Ojeleye,current roster,1,0,1,0,0,0,Guaranteed,1752950
2020-21,Boston Celtics,Tristan Thompson,current roster,0,0,1,0,0,0,Guaranteed,9258000
2020-21,Brooklyn Nets,Alize Johnson,E,0,0,0,0,0,0,Not With Team,110998
2020-21,Brooklyn Nets,Andre Roberson,W,0,0,0,0,0,0,Not With Team,163818
2020-21,Brooklyn Nets,Blake Griffin,current roster,1,0,1,0,0,0,Guaranteed,776873
2020-21,Brooklyn Nets,Bruce Brown Jr,current roster,0,0,1,0,0,0,Guaranteed,1663861
2020-21,Brooklyn Nets,DeAndre Jordan,current roster,0,0,1,0,0,0,Guaranteed,10375678
2020-21,Brooklyn Nets,Iman Shumpert,W,0,0,0,0,0,0,Not With Team,447155
2020-21,Brooklyn Nets,James Harden,current roster,0,0,1,0,0,0,Guaranteed,41254920
2020-21,Brooklyn Nets,Jeff Green,current roster,1,0,1,0,0,0,Guaranteed,1620564
2020-21,Brooklyn Nets,Joe Harris,current roster,0,0,1,0,0,0,Guaranteed,16071429
2020-21,Brooklyn Nets,Kevin Durant,current roster,0,0,1,0,0,0,Guaranteed,40108950
2020-21,Brooklyn Nets,Kyrie Irving,current roster,0,0,1,0,0,0,Guaranteed,33460350
2020-21,Brooklyn Nets,LaMarcus Aldridge,current roster,1,0,1,0,0,0,Guaranteed,554988
2020-21,Brooklyn Nets,Landry Shamet,current roster,0,0,1,0,0,0,Guaranteed,2090040
2020-21,Brooklyn Nets,Nicolas Claxton,current roster,0,0,1,0,0,0,Guaranteed,1517981
2020-21,Brooklyn Nets,Noah Vonleh,W,0,0,0,0,0,0,Not With Team,263995
2020-21,Brooklyn Nets,Norvel Pelle,W,0,0,0,0,0,0,Not With Team,217845
2020-21,Brooklyn Nets,Spencer Dinwiddie,current roster,0,0,1,0,0,0,Guaranteed,11454048
2020-21,Brooklyn Nets,Timothe LuwawuCabarrot,current roster,1,0,1,0,0,0,Guaranteed,1824003
2020-21,Brooklyn Nets,Tyler Cook,E,0,0,0,0,0,0,Not With Team,99020
2020-21,Brooklyn Nets,Tyler Johnson,current roster,1,0,1,0,0,0,Guaranteed,1620564
2020-21,Charlotte Hornets,Bismack Biyombo,current roster,1,0,1,0,0,0,Guaranteed,3500000
2020-21,Charlotte Hornets,Brad Wanamaker,current roster,0,0,1,0,0,0,Guaranteed,2250000
2020-21,Charlotte Hornets,Caleb Martin,current roster,0,0,1,0,0,0,Guaranteed,1517981
2020-21,Charlotte Hornets,Cody Martin,current roster,0,0,1,0,0,0,Guaranteed,1517981
2020-21,Charlotte Hornets,Cody Zeller,current roster,1,0,1,0,0,0,Guaranteed,15415730
2020-21,Charlotte Hornets,Devonte' Graham,current roster,0,0,1,0,0,0,Guaranteed,1663861
2020-21,Charlotte Hornets,Gordon Hayward,current roster,0,0,1,0,0,0,Guaranteed,28500000
2020-21,Charlotte Hornets,Jalen McDaniels,current roster,0,0,1,0,0,0,Guaranteed,1517981
2020-21,Charlotte Hornets,LaMelo Ball,current roster,0,0,1,0,0,0,Guaranteed,7839960
2020-21,Charlotte Hornets,Malik Monk,current roster,0,0,1,0,0,0,Guaranteed,5345687
2020-21,Charlotte Hornets,Miles Bridges,current roster,0,0,1,0,0,0,Guaranteed,3934320
2020-21,Charlotte Hornets,Nick Richards,current roster,0,0,1,0,0,0,Guaranteed,1000000
2020-21,Charlotte Hornets,Nicolas Batum,W,0,0,0,0,0,0,Not With Team,9043478
2020-21,Charlotte Hornets,PJ Washington,current roster,0,0,1,0,0,0,Guaranteed,4023600
2020-21,Charlotte Hornets,Terry Rozier,current roster,0,0,1,0,0,0,Guaranteed,18900000
2020-21,Charlotte Hornets,Vernon Carey Jr,current roster,0,0,1,0,0,0,Guaranteed,1350000
2020-21,Chicago Bulls,AlFarouq Aminu,current roster,0,0,1,0,0,0,Guaranteed,9720900
2020-21,Chicago Bulls,Coby White,current roster,0,0,1,0,0,0,Guaranteed,5572680
2020-21,Chicago Bulls,Cristiano Felicio,current roster,1,0,1,0,0,0,Guaranteed,7529020
2020-21,Chicago Bulls,Daniel Theis,current roster,1,0,1,0,0,0,Guaranteed,5000000
2020-21,Chicago Bulls,Denzel Valentine,current roster,1,0,1,0,0,0,Guaranteed,4642800
2020-21,Chicago Bulls,Garrett Temple,current roster,1,0,1,0,0,0,Guaranteed,4767000
2020-21,Chicago Bulls,Javonte Green,current roster,0,0,1,0,0,0,Guaranteed,1517981
2020-21,Chicago Bulls,Lauri Markkanen,current roster,0,0,1,0,0,0,Guaranteed,6731508
2020-21,Chicago Bulls,Nikola Vucevic,current roster,0,0,1,0,0,0,Guaranteed,26000000
2020-21,Chicago Bulls,Noah Vonleh  W,current roster,1,0,1,0,0,0,Not With Team,97261
2020-21,Chicago Bulls,Patrick Williams,current roster,0,0,1,0,0,0,Guaranteed,7068360
2020-21,Chicago Bulls,Ryan Arcidiacono,current roster,1,0,1,0,0,0,Guaranteed,3000000
2020-21,Chicago Bulls,Thaddeus Young,current roster,0,0,1,0,0,0,Guaranteed,13545000
2020-21,Chicago Bulls,Tomas Satoransky,current roster,0,0,1,0,0,0,Guaranteed,10000000
2020-21,Chicago Bulls,Troy Brown Jr,current roster,0,0,1,0,0,0,Guaranteed,3372840
2020-21,Chicago Bulls,Zach LaVine,current roster,0,0,1,0,0,0,Guaranteed,19500000
2020-21,Cleveland Cavaliers,Andre Drummond,W,0,0,0,0,0,0,Not With Team,27957238
2020-21,Cleveland Cavaliers,Cedi Osman,current roster,0,0,1,0,0,0,Guaranteed,8840580
2020-21,Cleveland Cavaliers,Collin Sexton,current roster,0,0,1,0,0,0,Guaranteed,4991880
2020-21,Cleveland Cavaliers,Damyean Dotson,current roster,0,0,1,0,0,0,Guaranteed,2000000
2020-21,Cleveland Cavaliers,Darius Garland,current roster,0,0,1,0,0,0,Guaranteed,6720720
2020-21,Cleveland Cavaliers,Dean Wade,current roster,0,0,1,0,0,0,Guaranteed,1517981
2020-21,Cleveland Cavaliers,Dylan Windler,current roster,0,0,1,0,0,0,Guaranteed,2137440
2020-21,Cleveland Cavaliers,Isaac Okoro,current roster,0,0,1,0,0,0,Guaranteed,6400920
2020-21,Cleveland Cavaliers,Isaiah Hartenstein,current roster,0,0,1,0,0,0,Guaranteed,1620564
2020-21,Cleveland Cavaliers,Jarrett Allen,current roster,0,0,1,0,0,0,Guaranteed,3909902
2020-21,Cleveland Cavaliers,JR Smith,W,0,0,0,0,0,0,Not With Team,1456667
2020-21,Cleveland Cavaliers,Kevin Love,current roster,0,0,1,0,0,0,Guaranteed,31258256
2020-21,Cleveland Cavaliers,Larry Nance Jr,current roster,0,0,1,0,0,0,Guaranteed,11709091
2020-21,Cleveland Cavaliers,Matthew Dellavedova,current roster,1,0,1,0,0,0,Guaranteed,1620564
2020-21,Cleveland Cavaliers,Quinn Cook,E,0,0,0,0,0,0,Not With Team,110998
2020-21,Cleveland Cavaliers,Quinn Cook  E,current roster,1,0,1,0,0,0,Not With Team,110998
2020-21,Cleveland Cavaliers,Rayjon Tucker,W,0,0,0,0,0,0,Not With Team,340000
2020-21,Cleveland Cavaliers,Taurean Prince,current roster,0,0,1,0,0,0,Guaranteed,12250000
2020-21,Cleveland Cavaliers,Thon Maker,W,0,0,0,0,0,0,Not With Team,309355
2020-21,Cleveland Cavaliers,Yogi Ferrell,E,0,0,0,0,0,0,Not With Team,110998
2020-21,Dallas Mavericks,Boban Marjanovic,current roster,1,0,1,0,0,0,Guaranteed,3500000
2020-21,Dallas Mavericks,Dorian FinneySmith,current roster,0,0,1,0,0,0,Guaranteed,4000000
2020-21,Dallas Mavericks,Dwight Powell,current roster,0,0,1,0,0,0,Guaranteed,11080125
2020-21,Dallas Mavericks,Jalen Brunson,current roster,0,0,1,0,0,0,Guaranteed,1663861
2020-21,Dallas Mavericks,JJ Barea,W,0,0,0,0,0,0,Not With Team,1620564
2020-21,Dallas Mavericks,JJ Redick,current roster,1,0,1,0,0,0,Guaranteed,13013700
2020-21,Dallas Mavericks,Josh Green,current roster,0,0,1,0,0,0,Guaranteed,2816760
2020-21,Dallas Mavericks,Josh Richardson,current roster,0,0,1,0,0,0,Guaranteed,10865952
2020-21,Dallas Mavericks,Kristaps Porzingis,current roster,0,0,1,0,0,0,Guaranteed,29467800
2020-21,Dallas Mavericks,Luka Doncic,current roster,0,0,1,0,0,0,Guaranteed,8049360
2020-21,Dallas Mavericks,Maxi Kleber,current roster,0,0,1,0,0,0,Guaranteed,8325000
2020-21,Dallas Mavericks,Nicolo Melli,current roster,0,0,1,0,0,0,Guaranteed,3897436
2020-21,Dallas Mavericks,Tim Hardaway Jr,current roster,1,0,1,0,0,0,Guaranteed,18975000
2020-21,Dallas Mavericks,Trey Burke,current roster,0,0,1,0,0,0,Guaranteed,3000000
2020-21,Dallas Mavericks,Tyrell Terry,current roster,0,0,1,0,0,0,Guaranteed,1289846
2020-21,Dallas Mavericks,Willie CauleyStein,current roster,1,0,1,0,0,0,Guaranteed,4100000
2020-21,Denver Nuggets,Aaron Gordon,current roster,0,0,1,0,0,0,Guaranteed,18136364
2020-21,Denver Nuggets,Bol Manute Bol,current roster,0,0,1,0,0,0,Guaranteed,2058240
2020-21,Denver Nuggets,Facundo Campazzo,current roster,0,0,1,0,0,0,Guaranteed,3200000
2020-21,Denver Nuggets,Gary Clark,current roster,0,0,1,0,0,0,Guaranteed,2000000
2020-21,Denver Nuggets,Jamal Murray,current roster,0,0,1,0,0,0,Guaranteed,27285000
2020-21,Denver Nuggets,JaMychal Green,current roster,0,0,1,0,0,0,Guaranteed,7199760
2020-21,Denver Nuggets,JaVale McGee,current roster,1,0,1,0,0,0,Guaranteed,4200000
2020-21,Denver Nuggets,Michael Porter Jr,current roster,0,0,1,0,0,0,Guaranteed,3550800
2020-21,Denver Nuggets,Monte Morris,current roster,0,0,1,0,0,0,Guaranteed,1723707
2020-21,Denver Nuggets,Nikola Jokic,current roster,0,0,1,0,0,0,Guaranteed,29542010
2020-21,Denver Nuggets,Paul Millsap,current roster,1,0,1,0,0,0,Guaranteed,10000000
2020-21,Denver Nuggets,PJ Dozier,current roster,0,0,1,0,0,0,Guaranteed,1762796
2020-21,Denver Nuggets,Vlatko Cancar,current roster,0,0,1,0,0,0,Guaranteed,1517981
2020-21,Denver Nuggets,Will Barton,current roster,0,0,1,0,0,0,Guaranteed,13723214
2020-21,Denver Nuggets,Zeke Nnaji,current roster,0,0,1,0,0,0,Guaranteed,2379840
2020-21,Detroit Pistons,Blake Griffin,W,0,0,0,0,0,0,Not With Team,32670565
2020-21,Detroit Pistons,Cory Joseph,current roster,0,0,1,0,0,0,Guaranteed,12600000
2020-21,Detroit Pistons,Deividas Sirvydis,current roster,0,0,1,0,0,0,Guaranteed,898310
2020-21,Detroit Pistons,Dennis Smith Jr,current roster,0,0,1,0,0,0,Guaranteed,5686677
2020-21,Detroit Pistons,Dewayne Dedmon,W,0,0,0,0,0,0,Not With Team,2866667
2020-21,Detroit Pistons,Dzanan Musa,W,0,0,0,0,0,0,Not With Team,2002800
2020-21,Detroit Pistons,Hamidou Diallo,current roster,0,0,1,0,0,0,Guaranteed,1663861
2020-21,Detroit Pistons,Isaiah Stewart II,current roster,0,0,1,0,0,0,Guaranteed,3121080
2020-21,Detroit Pistons,Jahlil Okafor,current roster,0,0,1,0,0,0,Guaranteed,1882867
2020-21,Detroit Pistons,Jerami Grant,current roster,0,0,1,0,0,0,Guaranteed,19050000
2020-21,Detroit Pistons,Josh Jackson,current roster,0,0,1,0,0,0,Guaranteed,4767000
2020-21,Detroit Pistons,Killian Hayes,current roster,0,0,1,0,0,0,Guaranteed,5307120
2020-21,Detroit Pistons,Mason Plumlee,current roster,0,0,1,0,0,0,Guaranteed,8000000
2020-21,Detroit Pistons,Rodney McGruder,current roster,0,0,1,0,0,0,Guaranteed,5192307
2020-21,Detroit Pistons,Saddiq Bey,current roster,0,0,1,0,0,0,Guaranteed,2689920
2020-21,Detroit Pistons,Sekou Doumbouya,current roster,0,0,1,0,0,0,Guaranteed,3449400
2020-21,Detroit Pistons,Tyler Cook  E,current roster,1,0,1,0,0,0,Not With Team,99020
2020-21,Detroit Pistons,Wayne Ellington,current roster,1,0,1,0,0,0,Guaranteed,1620564
2020-21,Detroit Pistons,Zhaire Smith,W,0,0,0,0,0,0,Not With Team,1068200
2020-21,Golden State Warriors,Alen Smailagic,current roster,0,0,1,0,0,0,Guaranteed,1517981
2020-21,Golden State Warriors,Andrew Wiggins,current roster,0,0,1,0,0,0,Guaranteed,29542010
2020-21,Golden State Warriors,Damion Lee,current roster,0,0,1,0,0,0,Guaranteed,1762796
2020-21,Golden State Warriors,Draymond Green,current roster,0,0,1,0,0,0,Guaranteed,22246956
2020-21,Golden State Warriors,Eric Paschall,current roster,0,0,1,0,0,0,Guaranteed,1517981
2020-21,Golden State Warriors,James Wiseman,current roster,0,0,1,0,0,0,Guaranteed,8730240
2020-21,Golden State Warriors,Jordan Poole,current roster,0,0,1,0,0,0,Guaranteed,2063280
2020-21,Golden State Warriors,Kelly Oubre,current roster,1,0,1,0,0,0,Guaranteed,14375000
2020-21,Golden State Warriors,Kent Bazemore,current roster,1,0,1,0,0,0,Guaranteed,1620564
2020-21,Golden State Warriors,Kevon Looney,current roster,0,0,1,0,0,0,Guaranteed,4821429
2020-21,Golden State Warriors,Klay Thompson,current roster,0,0,1,0,0,0,Guaranteed,35361360
2020-21,Golden State Warriors,Mychal Mulder,current roster,0,0,1,0,0,0,Guaranteed,1517981
2020-21,Golden State Warriors,Shaun Livingston,W,0,0,0,0,0,0,Not With Team,666667
2020-21,Golden State Warriors,Stephen Curry,current roster,0,0,1,0,0,0,Guaranteed,43006362
2020-21,Houston Rockets,Avery Bradley,current roster,1,0,1,0,0,0,Guaranteed,5635000
2020-21,Houston Rockets,Ben McLemore,W,0,0,0,0,0,0,Not With Team,2283034
2020-21,Houston Rockets,Bruno Caboclo,W,0,0,0,0,0,0,Not With Team,361256
2020-21,Houston Rockets,Chris Clemons,W,0,0,0,0,0,0,Not With Team,1517981
2020-21,Houston Rockets,Christian Wood,current roster,0,0,1,0,0,0,Guaranteed,13015874
2020-21,Houston Rockets,Dante Exum,current roster,1,0,1,0,0,0,Guaranteed,9600000
2020-21,Houston Rockets,Danuel House,current roster,0,0,1,0,0,0,Guaranteed,3717000
2020-21,Houston Rockets,DaQuan Jeffries,current roster,0,0,1,0,0,0,Guaranteed,1445697
2020-21,Houston Rockets,David Nwaba,current roster,1,0,1,0,0,0,Guaranteed,1824003
2020-21,Houston Rockets,DeMarcus Cousins,W,0,0,0,0,0,0,Guaranteed,1620564
2020-21,Houston Rockets,DJ Augustin,current roster,0,0,1,0,0,0,Guaranteed,6666667
2020-21,Houston Rockets,DJ Wilson,current roster,0,0,1,0,0,0,Guaranteed,4548280
2020-21,Houston Rockets,Eric Gordon,current roster,0,0,1,0,0,0,Guaranteed,16869276
2020-21,Houston Rockets,Jae'Sean Tate,current roster,0,0,1,0,0,0,Guaranteed,1445697
2020-21,Houston Rockets,Jerian Grant,W,0,0,0,0,0,0,Not With Team,50000
2020-21,Houston Rockets,John Wall,current roster,0,0,1,0,0,0,Guaranteed,41254920
2020-21,Houston Rockets,Kelly Olynyk,current roster,1,0,1,0,0,0,Guaranteed,12819649
2020-21,Houston Rockets,Kevin Porter Jr,current roster,0,0,1,0,0,0,Guaranteed,1717981
2020-21,Houston Rockets,KJ Martin,current roster,0,0,1,0,0,0,Guaranteed,898310
2020-21,Houston Rockets,Mason Jones,E,0,0,0,0,0,0,Not With Team,61528
2020-21,Houston Rockets,Sterling Brown,current roster,1,0,1,0,0,0,Guaranteed,1620564
2020-21,Houston Rockets,Troy Williams,W,0,0,0,0,0,0,Not With Team,122741
2020-21,Indiana Pacers,Aaron Holiday,current roster,0,0,1,0,0,0,Guaranteed,2345640
2020-21,Indiana Pacers,Caris LeVert,current roster,0,0,1,0,0,0,Guaranteed,16203704
2020-21,Indiana Pacers,Domantas Sabonis,current roster,0,0,1,0,0,0,Guaranteed,19800000
2020-21,Indiana Pacers,Doug McDermott,current roster,1,0,1,0,0,0,Guaranteed,7333333
2020-21,Indiana Pacers,Edmond Sumner,current roster,1,0,1,0,0,0,Guaranteed,2160000
2020-21,Indiana Pacers,Goga Bitadze,current roster,0,0,1,0,0,0,Guaranteed,2957520
2020-21,Indiana Pacers,JaKarr Sampson,current roster,1,0,1,0,0,0,Guaranteed,1620564
2020-21,Indiana Pacers,Jalen Lecque,W,0,0,0,0,0,0,Not With Team,1517981
2020-21,Indiana Pacers,Jeremy Lamb,current roster,0,0,1,0,0,0,Guaranteed,10500000
2020-21,Indiana Pacers,Justin Holiday,current roster,0,0,1,0,0,0,Guaranteed,5720400
2020-21,Indiana Pacers,Kelan Martin,current roster,0,0,1,0,0,0,Guaranteed,1445697
2020-21,Indiana Pacers,Malcolm Brogdon,current roster,0,0,1,0,0,0,Guaranteed,20700000
2020-21,Indiana Pacers,Monta Ellis,W,0,0,0,0,0,0,Not With Team,2245400
2020-21,Indiana Pacers,Myles Turner,current roster,0,0,1,0,0,0,Guaranteed,18000000
2020-21,Indiana Pacers,Oshae Brissett,current roster,1,0,1,0,0,0,Guaranteed,99020
2020-21,Indiana Pacers,TJ McConnell,current roster,1,0,1,0,0,0,Guaranteed,3500000
2020-21,Indiana Pacers,TJ Warren,current roster,0,0,1,0,0,0,Guaranteed,12000000
2020-21,Los Angeles Clippers,Daniel Oturu,current roster,0,0,1,0,0,0,Guaranteed,898310
2020-21,Los Angeles Clippers,DeMarcus Cousins,current roster,1,0,1,0,0,0,Guaranteed,110998
2020-21,Los Angeles Clippers,Ivica Zubac,current roster,0,0,1,0,0,0,Guaranteed,7000000
2020-21,Los Angeles Clippers,Kawhi Leonard,current roster,0,0,1,0,0,0,Guaranteed,34379100
2020-21,Los Angeles Clippers,Luke Kennard,current roster,0,0,1,0,0,0,Guaranteed,5273826
2020-21,Los Angeles Clippers,Marcus Morris,current roster,0,0,1,0,0,0,Guaranteed,14883721
2020-21,Los Angeles Clippers,Nicolas Batum,current roster,1,0,1,0,0,0,Guaranteed,1620564
2020-21,Los Angeles Clippers,Patrick Beverley,current roster,0,0,1,0,0,0,Guaranteed,13333333
2020-21,Los Angeles Clippers,Patrick Patterson,current roster,1,0,1,0,0,0,Guaranteed,3077704
2020-21,Los Angeles Clippers,Paul George,current roster,0,0,1,0,0,0,Guaranteed,35450412
2020-21,Los Angeles Clippers,Rajon Rondo,current roster,0,0,1,0,0,0,Guaranteed,8250000
2020-21,Los Angeles Clippers,Reggie Jackson,current roster,1,0,1,0,0,0,Guaranteed,1620564
2020-21,Los Angeles Clippers,Serge Ibaka,current roster,0,0,1,0,0,0,Guaranteed,9258000
2020-21,Los Angeles Clippers,Terance Mann,current roster,0,0,1,0,0,0,Guaranteed,1517981
2020-21,Los Angeles Lakers,Alex Caruso,current roster,1,0,1,0,0,0,Guaranteed,2750000
2020-21,Los Angeles Lakers,Alfonzo McKinnie,current roster,0,0,1,0,0,0,Guaranteed,1762796
2020-21,Los Angeles Lakers,Andre Drummond,current roster,1,0,1,0,0,0,Guaranteed,554988
2020-21,Los Angeles Lakers,Anthony Davis,current roster,0,0,1,0,0,0,Guaranteed,32742000
2020-21,Los Angeles Lakers,Ben McLemore,current roster,1,0,1,0,0,0,Guaranteed,455090
2020-21,Los Angeles Lakers,Damian Jones,E,0,0,0,0,0,0,Not With Team,110998
2020-21,Los Angeles Lakers,Damian Jones  E,current roster,1,0,1,0,0,0,Not With Team,110998
2020-21,Los Angeles Lakers,Dennis Schroder,current roster,1,0,1,0,0,0,Guaranteed,16000000
2020-21,Los Angeles Lakers,Jared Dudley,current roster,1,0,1,0,0,0,Guaranteed,1620564
2020-21,Los Angeles Lakers,Jordan Bell,W,0,0,0,0,0,0,Not With Team,580062
2020-21,Los Angeles Lakers,Kentavious CaldwellPope,current roster,0,0,1,0,0,0,Guaranteed,12073020
2020-21,Los Angeles Lakers,Kyle Kuzma,current roster,0,0,1,0,0,0,Guaranteed,3562178
2020-21,Los Angeles Lakers,LeBron James,current roster,0,0,1,0,0,0,Guaranteed,39219566
2020-21,Los Angeles Lakers,Luol Deng,W,0,0,0,0,0,0,Not With Team,5000000
2020-21,Los Angeles Lakers,Marc Gasol,current roster,0,0,1,0,0,0,Guaranteed,2564753
2020-21,Los Angeles Lakers,Markieff Morris,current roster,1,0,1,0,0,0,Guaranteed,1620564
2020-21,Los Angeles Lakers,Montrezl Harrell,current roster,0,0,1,0,0,0,Guaranteed,9258000
2020-21,Los Angeles Lakers,Quinn Cook,W,0,0,0,0,0,0,Not With Team,1000000
2020-21,Los Angeles Lakers,Quinn Cook  W,current roster,1,0,1,0,0,0,Not With Team,797183
2020-21,Los Angeles Lakers,Talen HortonTucker,current roster,0,0,1,0,0,0,Guaranteed,1517981
2020-21,Los Angeles Lakers,Wesley Matthews,current roster,1,0,1,0,0,0,Guaranteed,3623000
2020-21,Memphis Grizzlies,Brandon Clarke,current roster,0,0,1,0,0,0,Guaranteed,2602920
2020-21,Memphis Grizzlies,Dakari Johnson,W,0,0,0,0,0,0,Not With Team,459414
2020-21,Memphis Grizzlies,De'Anthony Melton,current roster,0,0,1,0,0,0,Guaranteed,9571712
2020-21,Memphis Grizzlies,Desmond Bane,current roster,0,0,1,0,0,0,Guaranteed,1936440
2020-21,Memphis Grizzlies,Dillon Brooks,current roster,0,0,1,0,0,0,Guaranteed,11400000
2020-21,Memphis Grizzlies,Dion Waiters,W,0,0,0,0,0,0,Not With Team,12650000
2020-21,Memphis Grizzlies,Gorgui Dieng,W,0,0,0,0,0,0,Not With Team,16587688
2020-21,Memphis Grizzlies,Grayson Allen,current roster,0,0,1,0,0,0,Guaranteed,2545320
2020-21,Memphis Grizzlies,Ja Morant,current roster,0,0,1,0,0,0,Guaranteed,9166800
2020-21,Memphis Grizzlies,Jaren Jackson Jr,current roster,0,0,1,0,0,0,Guaranteed,7257360
2020-21,Memphis Grizzlies,John Konchar,current roster,0,0,1,0,0,0,Guaranteed,2100000
2020-21,Memphis Grizzlies,Jonas Valanciunas,current roster,0,0,1,0,0,0,Guaranteed,15000000
2020-21,Memphis Grizzlies,Jontay Porter,current roster,0,0,1,0,0,0,Guaranteed,1900000
2020-21,Memphis Grizzlies,Justise Winslow,current roster,1,0,1,0,0,0,Guaranteed,13000000
2020-21,Memphis Grizzlies,Kyle Anderson,current roster,0,0,1,0,0,0,Guaranteed,9505100
2020-21,Memphis Grizzlies,Mario Hezonja,W,0,0,0,0,0,0,Not With Team,1977011
2020-21,Memphis Grizzlies,Marko Guduric,W,0,0,0,0,0,0,Not With Team,2750000
2020-21,Memphis Grizzlies,Tim Frazier,E,0,0,0,0,0,0,Not With Team,110998
2020-21,Memphis Grizzlies,Tyus Jones,current roster,0,0,1,0,0,0,Guaranteed,8817143
2020-21,Memphis Grizzlies,Xavier Tillman Sr,current roster,0,0,1,0,0,0,Guaranteed,1300000
2020-21,Miami Heat,AJ Hammons,W,0,0,0,0,0,0,Not With Team,350087
2020-21,Miami Heat,Andre Iguodala,current roster,1,0,1,0,0,0,Guaranteed,15000000
2020-21,Miami Heat,Bam Adebayo,current roster,0,0,1,0,0,0,Guaranteed,5115492
2020-21,Miami Heat,Duncan Robinson,current roster,0,0,1,0,0,0,Guaranteed,1663861
2020-21,Miami Heat,Goran Dragic,current roster,1,0,1,0,0,0,Guaranteed,18000000
2020-21,Miami Heat,Jimmy Butler,current roster,0,0,1,0,0,0,Guaranteed,34379100
2020-21,Miami Heat,Kendrick Nunn,current roster,0,0,1,0,0,0,Guaranteed,1663861
2020-21,Miami Heat,KZ Okpala,current roster,0,0,1,0,0,0,Guaranteed,1517981
2020-21,Miami Heat,Nemanja Bjelica,current roster,1,0,1,0,0,0,Guaranteed,7150000
2020-21,Miami Heat,Precious Achiuwa,current roster,0,0,1,0,0,0,Guaranteed,2582160
2020-21,Miami Heat,Ryan Anderson,W,0,0,0,0,0,0,Not With Team,5214583
2020-21,Miami Heat,Trevor Ariza,current roster,1,0,1,0,0,0,Guaranteed,12800000
2020-21,Miami Heat,Tyler Herro,current roster,0,0,1,0,0,0,Guaranteed,3822240
2020-21,Miami Heat,Udonis Haslem,current roster,1,0,1,0,0,0,Guaranteed,1620564
2020-21,Miami Heat,Victor Oladipo,current roster,1,0,1,0,0,0,Guaranteed,21000000
2020-21,Milwaukee Bucks,Bobby Portis,current roster,0,0,1,0,0,0,Guaranteed,3623000
2020-21,Milwaukee Bucks,Brook Lopez,current roster,0,0,1,0,0,0,Guaranteed,12697675
2020-21,Milwaukee Bucks,Bryn Forbes,current roster,0,0,1,0,0,0,Guaranteed,2337145
2020-21,Milwaukee Bucks,Donte DiVencenzo,current roster,0,0,1,0,0,0,Guaranteed,3044160
2020-21,Milwaukee Bucks,Giannis Antetokounmpo,current roster,0,0,1,0,0,0,Guaranteed,27528088
2020-21,Milwaukee Bucks,Jeff Teague,current roster,1,0,1,0,0,0,Guaranteed,510589
2020-21,Milwaukee Bucks,Jon Leuer,W,0,0,0,0,0,0,Not With Team,3169348
2020-21,Milwaukee Bucks,Jordan Nwora,current roster,0,0,1,0,0,0,Guaranteed,898310
2020-21,Milwaukee Bucks,Jrue Holiday,current roster,0,0,1,0,0,0,Guaranteed,25876111
2020-21,Milwaukee Bucks,Khris Middleton,current roster,0,0,1,0,0,0,Guaranteed,33051724
2020-21,Milwaukee Bucks,Larry Sanders,W,0,0,0,0,0,0,Not With Team,1865546
2020-21,Milwaukee Bucks,Pat Connaughton,current roster,0,0,1,0,0,0,Guaranteed,4938273
2020-21,Milwaukee Bucks,PJ Tucker,current roster,1,0,1,0,0,0,Guaranteed,7969537
2020-21,Milwaukee Bucks,Rodions Kurucs,current roster,1,0,1,0,0,0,Guaranteed,1780152
2020-21,Milwaukee Bucks,Sam Merrill,current roster,0,0,1,0,0,0,Guaranteed,898310
2020-21,Milwaukee Bucks,Thanasis Antetokounmpo,current roster,0,0,1,0,0,0,Guaranteed,1701593
2020-21,Minnesota Timberwolves,Anthony Edwards,current roster,0,0,1,0,0,0,Guaranteed,9757440
2020-21,Minnesota Timberwolves,Cole Aldrich,W,0,0,0,0,0,0,Not With Team,685340
2020-21,Minnesota Timberwolves,D'Angelo Russell,current roster,0,0,1,0,0,0,Guaranteed,28649250
2020-21,Minnesota Timberwolves,Ed Davis,current roster,1,0,1,0,0,0,Guaranteed,5005350
2020-21,Minnesota Timberwolves,Jaden McDaniels,current roster,0,0,1,0,0,0,Guaranteed,1964760
2020-21,Minnesota Timberwolves,Jake Layman,current roster,0,0,1,0,0,0,Guaranteed,3761085
2020-21,Minnesota Timberwolves,Jarred Vanderbilt,current roster,0,0,1,0,0,0,Guaranteed,1663861
2020-21,Minnesota Timberwolves,Jarrett Culver,current roster,0,0,1,0,0,0,Guaranteed,6104280
2020-21,Minnesota Timberwolves,Jaylen Nowell,current roster,0,0,1,0,0,0,Guaranteed,1517981
2020-21,Minnesota Timberwolves,Josh Okogie,current roster,0,0,1,0,0,0,Guaranteed,2651040
2020-21,Minnesota Timberwolves,Juancho Hernangomez,current roster,0,0,1,0,0,0,Guaranteed,6493000
2020-21,Minnesota Timberwolves,KarlAnthony Towns,current roster,0,0,1,0,0,0,Guaranteed,29467800
2020-21,Minnesota Timberwolves,Malik Beasley,current roster,0,0,1,0,0,0,Guaranteed,13425895
2020-21,Minnesota Timberwolves,Naz Reid,current roster,0,0,1,0,0,0,Guaranteed,1517981
2020-21,Minnesota Timberwolves,Ricky Rubio,current roster,0,0,1,0,0,0,Guaranteed,17000000
2020-21,New Orleans Pelicans,Brandon Ingram,current roster,0,0,1,0,0,0,Guaranteed,27285000
2020-21,New Orleans Pelicans,Eric Bledsoe,current roster,0,0,1,0,0,0,Guaranteed,16875000
2020-21,New Orleans Pelicans,Isaiah Thomas,current roster,1,0,1,0,0,0,Not With Team,110998
2020-21,New Orleans Pelicans,James Johnson,current roster,1,0,1,0,0,0,Guaranteed,16047100
2020-21,New Orleans Pelicans,Jaxson Hayes,current roster,0,0,1,0,0,0,Guaranteed,5105160
2020-21,New Orleans Pelicans,Josh Hart,current roster,0,0,1,0,0,0,Guaranteed,3491159
2020-21,New Orleans Pelicans,Kira Lewis Jr,current roster,0,0,1,0,0,0,Guaranteed,3640200
2020-21,New Orleans Pelicans,Lonzo Ball,current roster,0,0,1,0,0,0,Guaranteed,11003782
2020-21,New Orleans Pelicans,Nickeil AlexanderWalker,current roster,0,0,1,0,0,0,Guaranteed,3113160
2020-21,New Orleans Pelicans,Sindarius Thornwell,W,0,0,0,0,0,0,Not With Team,721484
2020-21,New Orleans Pelicans,Sindarius Thornwell  E,current roster,1,0,1,0,0,0,Not With Team,110998
2020-21,New Orleans Pelicans,Steven Adams,current roster,0,0,1,0,0,0,Guaranteed,29592695
2020-21,New Orleans Pelicans,Wenyen Gabriel,current roster,0,0,1,0,0,0,Guaranteed,1620564
2020-21,New Orleans Pelicans,Wesley Iwundu,current roster,0,0,1,0,0,0,Guaranteed,1678854
2020-21,New Orleans Pelicans,Willy Hernangomez,current roster,1,0,1,0,0,0,Guaranteed,1620564
2020-21,New Orleans Pelicans,Zion Williamson,current roster,0,0,1,0,0,0,Guaranteed,10245480
2020-21,New York Knicks,Alec Burks,current roster,1,0,1,0,0,0,Guaranteed,6000000
2020-21,New York Knicks,Andrew White,W,0,0,0,0,0,0,Not With Team,25000
2020-21,New York Knicks,Derrick Rose,current roster,1,0,1,0,0,0,Guaranteed,7682926
2020-21,New York Knicks,Elfrid Payton,current roster,1,0,1,0,0,0,Guaranteed,4767000
2020-21,New York Knicks,Frank Ntilikina,current roster,0,0,1,0,0,0,Guaranteed,6176578
2020-21,New York Knicks,Immanuel Quickley,current roster,0,0,1,0,0,0,Guaranteed,2105520
2020-21,New York Knicks,Jacob Evans,W,0,0,0,0,0,0,Not With Team,2017320
2020-21,New York Knicks,Joakim Noah,W,0,0,0,0,0,0,Not With Team,6431667
2020-21,New York Knicks,John Henson,current roster,1,0,1,0,0,0,Guaranteed,110998
2020-21,New York Knicks,Julius Randle,current roster,0,0,1,0,0,0,Guaranteed,18900000
2020-21,New York Knicks,Kevin Knox,current roster,0,0,1,0,0,0,Guaranteed,4588680
2020-21,New York Knicks,Mitchell Robinson,current roster,1,0,1,0,0,0,Guaranteed,1663861
2020-21,New York Knicks,Nerlens Noel,current roster,1,0,1,0,0,0,Guaranteed,5000000
2020-21,New York Knicks,Norvel Pelle,current roster,1,0,1,0,0,0,Guaranteed,99020
2020-21,New York Knicks,Obi Toppin,current roster,0,0,1,0,0,0,Guaranteed,4862040
2020-21,New York Knicks,Omari Spellman,W,0,0,0,0,0,0,Not With Team,1988280
2020-21,New York Knicks,Reggie Bullock,current roster,1,0,1,0,0,0,Guaranteed,4200000
2020-21,New York Knicks,RJ Barrett,current roster,0,0,1,0,0,0,Guaranteed,8231760
2020-21,New York Knicks,Taj Gibson,current roster,1,0,1,0,0,0,Guaranteed,1442968
2020-21,New York Knicks,Terrance Ferguson,W,0,0,0,0,0,0,Not With Team,3944013
2020-21,New York Knicks,Tyler Hall,W,0,0,0,0,0,0,Not With Team,25000
2020-21,New York Knicks,Vincent Poirier,W,0,0,0,0,0,0,Not With Team,2619207
2020-21,New York Knicks,Wayne Ellington,W,0,0,0,0,0,0,Not With Team,1000000
2020-21,Oklahoma City Thunder,Admiral Schofield,W,0,0,0,0,0,0,Guaranteed,1517981
2020-21,Oklahoma City Thunder,Al Horford,current roster,0,0,1,0,0,0,Guaranteed,27500000
2020-21,Oklahoma City Thunder,Aleksej Pokuesvski,current roster,0,0,1,0,0,0,Guaranteed,2964840
2020-21,Oklahoma City Thunder,Austin Rivers,W,0,0,0,0,0,0,Not With Team,3500000
2020-21,Oklahoma City Thunder,Darius Bazley,current roster,0,0,1,0,0,0,Guaranteed,2399160
2020-21,Oklahoma City Thunder,Darius Miller,current roster,1,0,1,0,0,0,Guaranteed,7000000
2020-21,Oklahoma City Thunder,Frank Jackson,W,0,0,0,0,0,0,Not With Team,250000
2020-21,Oklahoma City Thunder,Isaiah Roby,current roster,0,0,1,0,0,0,Guaranteed,1517981
2020-21,Oklahoma City Thunder,Josh Gray,W,0,0,0,0,0,0,Not With Team,1620564
2020-21,Oklahoma City Thunder,Justin Jackson,W,0,0,0,0,0,0,Not With Team,5029650
2020-21,Oklahoma City Thunder,Justin Robinson,current roster,1,0,1,0,0,0,Guaranteed,99020
2020-21,Oklahoma City Thunder,Kenrich Williams,current roster,0,0,1,0,0,0,Guaranteed,2000000
2020-21,Oklahoma City Thunder,Kyle Singler,W,0,0,0,0,0,0,Not With Team,999200
2020-21,Oklahoma City Thunder,Luguentz Dort,current roster,0,0,1,0,0,0,Guaranteed,1517981
2020-21,Oklahoma City Thunder,Meyers Leonard,W,0,0,0,0,0,0,Not With Team,9400000
2020-21,Oklahoma City Thunder,Mike Muscala,current roster,1,0,1,0,0,0,Guaranteed,2283034
2020-21,Oklahoma City Thunder,Moses Brown,current roster,0,0,1,0,0,0,Guaranteed,1250000
2020-21,Oklahoma City Thunder,Patrick Patterson,W,0,0,0,0,0,0,Not With Team,737067
2020-21,Oklahoma City Thunder,Shai GilgeousAlexander,current roster,0,0,1,0,0,0,Guaranteed,4141320
2020-21,Oklahoma City Thunder,Svi Mykhailiuk,current roster,0,0,1,0,0,0,Guaranteed,1663861
2020-21,Oklahoma City Thunder,Theo Maledon,current roster,0,0,1,0,0,0,Guaranteed,2000000
2020-21,Oklahoma City Thunder,TJ Leaf,W,0,0,0,0,0,0,Not With Team,4326825
2020-21,Oklahoma City Thunder,Tony Bradley,current roster,0,0,1,0,0,0,Guaranteed,3542060
2020-21,Oklahoma City Thunder,Ty Jerome,current roster,0,0,1,0,0,0,Guaranteed,2303040
2020-21,Oklahoma City Thunder,Zylan Cheatham,W,0,0,0,0,0,0,Not With Team,1445697
2020-21,Orlando Magic,Chuma Okeke,current roster,0,0,1,0,0,0,Guaranteed,3121080
2020-21,Orlando Magic,Cole Anthony,current roster,0,0,1,0,0,0,Guaranteed,3285120
2020-21,Orlando Magic,Devin Cannady,current roster,1,0,1,0,0,0,Guaranteed,61528
2020-21,Orlando Magic,Dwayne Bacon,current roster,0,0,1,0,0,0,Guaranteed,1678854
2020-21,Orlando Magic,Gary Harris,current roster,0,0,1,0,0,0,Guaranteed,19160714
2020-21,Orlando Magic,James Ennis,current roster,1,0,1,0,0,0,Guaranteed,3300000
2020-21,Orlando Magic,Jeff Teague,W,0,0,0,0,0,0,Not With Team,1620564
2020-21,Orlando Magic,Jonathan Isaac,current roster,0,0,1,0,0,0,Guaranteed,7362566
2020-21,Orlando Magic,Khem Birch,current roster,1,0,1,0,0,0,Guaranteed,3000000
2020-21,Orlando Magic,Markelle Fultz,current roster,0,0,1,0,0,0,Guaranteed,12288697
2020-21,Orlando Magic,Michael CarterWilliams,current roster,0,0,1,0,0,0,Guaranteed,3300000
2020-21,Orlando Magic,Mo Bamba,current roster,0,0,1,0,0,0,Guaranteed,5969040
2020-21,Orlando Magic,Otto Porter,current roster,1,0,1,0,0,0,Guaranteed,28489239
2020-21,Orlando Magic,RJ Hampton,current roster,0,0,1,0,0,0,Guaranteed,2193480
2020-21,Orlando Magic,Terrence Ross,current roster,0,0,1,0,0,0,Guaranteed,13500000
2020-21,Orlando Magic,Wendell Carter Jr,current roster,0,0,1,0,0,0,Guaranteed,5448840
2020-21,Philadelphia 76ers,Ben Simmons,current roster,0,0,1,0,0,0,Guaranteed,30559200
2020-21,Philadelphia 76ers,Danny Green,current roster,1,0,1,0,0,0,Guaranteed,15365853
2020-21,Philadelphia 76ers,Dwight Howard,current roster,1,0,1,0,0,0,Guaranteed,1620564
2020-21,Philadelphia 76ers,Furkan Korkmaz,current roster,1,0,1,0,0,0,Guaranteed,1762796
2020-21,Philadelphia 76ers,George Hill,current roster,0,0,1,0,0,0,Guaranteed,9590602
2020-21,Philadelphia 76ers,Ignas Brazdelkis,current roster,0,0,1,0,0,0,Guaranteed,1517981
2020-21,Philadelphia 76ers,Isaiah Joe,current roster,0,0,1,0,0,0,Guaranteed,898310
2020-21,Philadelphia 76ers,Joel Embiid,current roster,0,0,1,0,0,0,Guaranteed,29542010
2020-21,Philadelphia 76ers,Justin Anderson,W,0,0,0,0,0,0,Not With Team,125000
2020-21,Philadelphia 76ers,Matisse Thybulle,current roster,0,0,1,0,0,0,Guaranteed,2711280
2020-21,Philadelphia 76ers,Mike Scott,current roster,1,0,1,0,0,0,Guaranteed,5005350
2020-21,Philadelphia 76ers,Paul Reed Jr,current roster,0,0,1,0,0,0,Guaranteed,609128
2020-21,Philadelphia 76ers,Seth Curry,current roster,0,0,1,0,0,0,Guaranteed,7834449
2020-21,Philadelphia 76ers,Shake Milton,current roster,0,0,1,0,0,0,Guaranteed,1701593
2020-21,Philadelphia 76ers,Tobias Harris,current roster,0,0,1,0,0,0,Guaranteed,34358850
2020-21,Philadelphia 76ers,Tyrese Maxey,current roster,0,0,1,0,0,0,Guaranteed,2478840
2020-21,Phoenix Suns,Abdel Nader,current roster,1,0,1,0,0,0,Guaranteed,1752950
2020-21,Phoenix Suns,Cameron Johnson,current roster,0,0,1,0,0,0,Guaranteed,4235160
2020-21,Phoenix Suns,Cameron Payne,current roster,1,0,1,0,0,0,Guaranteed,1977011
2020-21,Phoenix Suns,Chris Paul,current roster,0,0,1,0,0,0,Guaranteed,41358814
2020-21,Phoenix Suns,Damian Jones,W,0,0,0,0,0,0,Not With Team,785285
2020-21,Phoenix Suns,Dario Saric,current roster,0,0,1,0,0,0,Guaranteed,9250000
2020-21,Phoenix Suns,Deandre Ayton,current roster,0,0,1,0,0,0,Guaranteed,10018200
2020-21,Phoenix Suns,Devin Booker,current roster,0,0,1,0,0,0,Guaranteed,29467800
2020-21,Phoenix Suns,E'Twaun Moore,current roster,1,0,1,0,0,0,Guaranteed,1620564
2020-21,Phoenix Suns,Frank Kaminsky,current roster,1,0,1,0,0,0,Guaranteed,1620564
2020-21,Phoenix Suns,Jae Crowder,current roster,0,0,1,0,0,0,Guaranteed,9258000
2020-21,Phoenix Suns,Jalen Smith,current roster,0,0,1,0,0,0,Guaranteed,4245720
2020-21,Phoenix Suns,Jevon Carter,current roster,0,0,1,0,0,0,Guaranteed,3925000
2020-21,Phoenix Suns,Langston Galloway,current roster,1,0,1,0,0,0,Guaranteed,1620564
2020-21,Phoenix Suns,Mikal Bridges,current roster,0,0,1,0,0,0,Guaranteed,4359000
2020-21,Phoenix Suns,Torrey Craig,current roster,1,0,1,0,0,0,Guaranteed,1620564
2020-21,Portland Trail Blazers,Anderson Varejao,W,0,0,0,0,0,0,Not With Team,1913345
2020-21,Portland Trail Blazers,Andrew Nicholson,W,0,0,0,0,0,0,Not With Team,2844430
2020-21,Portland Trail Blazers,Anfernee Simons,current roster,0,0,1,0,0,0,Guaranteed,2252040
2020-21,Portland Trail Blazers,Carmelo Anthony,current roster,1,0,1,0,0,0,Guaranteed,1620564
2020-21,Portland Trail Blazers,CJ Elleby,current roster,0,0,1,0,0,0,Guaranteed,898310
2020-21,Portland Trail Blazers,CJ McCollum,current roster,0,0,1,0,0,0,Guaranteed,29354152
2020-21,Portland Trail Blazers,Damian Lillard,current roster,0,0,1,0,0,0,Guaranteed,31626953
2020-21,Portland Trail Blazers,Derrick Jones,current roster,0,0,1,0,0,0,Guaranteed,9258000
2020-21,Portland Trail Blazers,Enes Kanter,current roster,1,0,1,0,0,0,Guaranteed,5005350
2020-21,Portland Trail Blazers,Harry Giles,current roster,1,0,1,0,0,0,Guaranteed,1620564
2020-21,Portland Trail Blazers,Jusuf Nurkic,current roster,0,0,1,0,0,0,Guaranteed,12888889
2020-21,Portland Trail Blazers,Nassir Little,current roster,0,0,1,0,0,0,Guaranteed,2210640
2020-21,Portland Trail Blazers,Norman Powell,current roster,0,0,1,0,0,0,Guaranteed,10865952
2020-21,Portland Trail Blazers,Robert Covington,current roster,0,0,1,0,0,0,Guaranteed,12138345
2020-21,Portland Trail Blazers,Zach Collins,current roster,0,0,1,0,0,0,Guaranteed,5406255
2020-21,Sacramento Kings,Buddy Hield,current roster,0,0,1,0,0,0,Guaranteed,24701834
2020-21,Sacramento Kings,Chimezie Metu,W,0,0,0,0,0,0,Not With Team,50000
2020-21,Sacramento Kings,Chris Silva,current roster,0,0,1,0,0,0,Guaranteed,1517981
2020-21,Sacramento Kings,De'Aaron Fox,current roster,0,0,1,0,0,0,Guaranteed,8099627
2020-21,Sacramento Kings,Delon Wright,current roster,0,0,1,0,0,0,Guaranteed,9000000
2020-21,Sacramento Kings,Glenn Robinson III,W,0,0,0,0,0,0,Not With Team,930930
2020-21,Sacramento Kings,Harrison Barnes,current roster,0,0,1,0,0,0,Guaranteed,22215909
2020-21,Sacramento Kings,Hassan Whiteside,current roster,1,0,1,0,0,0,Guaranteed,1620564
2020-21,Sacramento Kings,Jabari Parker,W,0,0,0,0,0,0,Not With Team,6500000
2020-21,Sacramento Kings,Jahmi'us Ramsey,current roster,0,0,1,0,0,0,Guaranteed,1000000
2020-21,Sacramento Kings,Justin James,current roster,0,0,1,0,0,0,Guaranteed,1517981
2020-21,Sacramento Kings,Marvin Bagley III,current roster,0,0,1,0,0,0,Guaranteed,8963640
2020-21,Sacramento Kings,Maurice Harkless,current roster,1,0,1,0,0,0,Guaranteed,3623000
2020-21,Sacramento Kings,Mfiondu Kabengele,W,0,0,0,0,0,0,Not With Team,2075880
2020-21,Sacramento Kings,Norvel Pelle,E,0,0,0,0,0,0,Not With Team,99020
2020-21,Sacramento Kings,Richaun Holmes,current roster,1,0,1,0,0,0,Guaranteed,5005350
2020-21,Sacramento Kings,Robert Woodard II,current roster,0,0,1,0,0,0,Guaranteed,1500000
2020-21,Sacramento Kings,Terence Davis,current roster,0,0,1,0,0,0,Guaranteed,1517981
2020-21,Sacramento Kings,Tyrese Haliburton,current roster,0,0,1,0,0,0,Guaranteed,3831840
2020-21,San Antonio Spurs,Cameron Reynolds,E,0,0,0,0,0,0,Not With Team,110998
2020-21,San Antonio Spurs,Dejounte Murray,current roster,0,0,1,0,0,0,Guaranteed,14286000
2020-21,San Antonio Spurs,DeMar DeRozan,current roster,1,0,1,0,0,0,Guaranteed,27739975
2020-21,San Antonio Spurs,DeMarre Carroll,W,0,0,0,0,0,0,Not With Team,6119676
2020-21,San Antonio Spurs,Derrick White,current roster,0,0,1,0,0,0,Guaranteed,3516284
2020-21,San Antonio Spurs,Devin Vassell,current roster,0,0,1,0,0,0,Guaranteed,4033440
2020-21,San Antonio Spurs,Drew Eubanks,current roster,0,0,1,0,0,0,Guaranteed,1620564
2020-21,San Antonio Spurs,Gorgui Dieng,current roster,1,0,1,0,0,0,Guaranteed,1000000
2020-21,San Antonio Spurs,Jakob Poeltl,current roster,0,0,1,0,0,0,Guaranteed,8101852
2020-21,San Antonio Spurs,Keldon Johnson,current roster,0,0,1,0,0,0,Guaranteed,2048040
2020-21,San Antonio Spurs,LaMarcus Aldridge,W,0,0,0,0,0,0,Not With Team,16750000
2020-21,San Antonio Spurs,Lonnie Walker,current roster,0,0,1,0,0,0,Guaranteed,2892000
2020-21,San Antonio Spurs,Luka Samanic,current roster,0,0,1,0,0,0,Guaranteed,2824320
2020-21,San Antonio Spurs,Marquese Chriss,W,0,0,0,0,0,0,Not With Team,1824003
2020-21,San Antonio Spurs,Patty Mills,current roster,1,0,1,0,0,0,Guaranteed,13535714
2020-21,San Antonio Spurs,Rudy Gay,current roster,1,0,1,0,0,0,Guaranteed,14500000
2020-21,San Antonio Spurs,Tre Jones,current roster,0,0,1,0,0,0,Guaranteed,898310
2020-21,San Antonio Spurs,Trey Lyles,current roster,1,0,1,0,0,0,Guaranteed,5500000
2020-21,Toronto Raptors,Alex Len,W,0,0,0,0,0,0,Not With Team,2258000
2020-21,Toronto Raptors,Aron Baynes,current roster,0,0,1,0,0,0,Guaranteed,7000000
2020-21,Toronto Raptors,Chris Boucher,current roster,0,0,1,0,0,0,Guaranteed,6500000
2020-21,Toronto Raptors,DeAndre' Bembry,current roster,0,0,1,0,0,0,Guaranteed,1737145
2020-21,Toronto Raptors,Donta Hall,E,0,0,0,0,0,0,Not With Team,99020
2020-21,Toronto Raptors,Fred VanVleet,current roster,0,0,1,0,0,0,Guaranteed,21250000
2020-21,Toronto Raptors,Gary Trent Jr,current roster,0,0,1,0,0,0,Guaranteed,1663861
2020-21,Toronto Raptors,Henry Ellenson,E,0,0,0,0,0,0,Not With Team,110998
2020-21,Toronto Raptors,Kyle Lowry,current roster,1,0,1,0,0,0,Guaranteed,30500000
2020-21,Toronto Raptors,Malachi Flynn,current roster,0,0,1,0,0,0,Guaranteed,1950600
2020-21,Toronto Raptors,OG Anunoby,current roster,0,0,1,0,0,0,Guaranteed,3872215
2020-21,Toronto Raptors,Oshae Brissett,W,0,0,0,0,0,0,Not With Team,300000
2020-21,Toronto Raptors,Pascal Siakam,current roster,0,0,1,0,0,0,Guaranteed,30559200
2020-21,Toronto Raptors,Patrick McCaw,current roster,1,0,1,0,0,0,Guaranteed,4000000
2020-21,Toronto Raptors,Paul Watson,current roster,0,0,1,0,0,0,Guaranteed,1445697
2020-21,Toronto Raptors,Rodney Hood,current roster,0,0,1,0,0,0,Guaranteed,10047450
2020-21,Toronto Raptors,Stanley Johnson,current roster,1,0,1,0,0,0,Guaranteed,3804150
2020-21,Utah Jazz,Bojan Bogdanovic,current roster,0,0,1,0,0,0,Guaranteed,17850000
2020-21,Utah Jazz,Derrick Favors,current roster,0,0,1,0,0,0,Guaranteed,9258000
2020-21,Utah Jazz,Donovan Mitchell,current roster,0,0,1,0,0,0,Guaranteed,5195501
2020-21,Utah Jazz,Elijah Hughes,current roster,0,0,1,0,0,0,Guaranteed,898310
2020-21,Utah Jazz,Ersan Ilyasova,current roster,1,0,1,0,0,0,Guaranteed,754783
2020-21,Utah Jazz,Georges Niang,current roster,1,0,1,0,0,0,Guaranteed,1783557
2020-21,Utah Jazz,Joe Ingles,current roster,0,0,1,0,0,0,Guaranteed,10863637
2020-21,Utah Jazz,Jordan Clarkson,current roster,0,0,1,0,0,0,Guaranteed,11500000
2020-21,Utah Jazz,Juwan Morgan,current roster,0,0,1,0,0,0,Guaranteed,1517981
2020-21,Utah Jazz,Matt Thomas,current roster,0,0,1,0,0,0,Guaranteed,1517981
2020-21,Utah Jazz,Mike Conley,current roster,1,0,1,0,0,0,Guaranteed,34502132
2020-21,Utah Jazz,Miye Oni,current roster,0,0,1,0,0,0,Guaranteed,1517981
2020-21,Utah Jazz,Royce O'Neale,current roster,0,0,1,0,0,0,Guaranteed,8500000
2020-21,Utah Jazz,Rudy Gobert,current roster,0,0,1,0,0,0,Guaranteed,27525281
2020-21,Utah Jazz,Shaquille Harrison,W,0,0,0,0,0,0,Not With Team,770433
2020-21,Utah Jazz,Udoka Azubuike,current roster,0,0,1,0,0,0,Guaranteed,1977000
2020-21,Washington Wizards,Alex Len,current roster,1,0,1,0,0,0,Guaranteed,1265372
2020-21,Washington Wizards,Anthony Gill,current roster,0,0,1,0,0,0,Guaranteed,898310
2020-21,Washington Wizards,Anzejs Pasecniks,W,0,0,0,0,0,0,Not With Team,374297
2020-21,Washington Wizards,Bradley Beal,current roster,0,0,1,0,0,0,Guaranteed,28751774
2020-21,Washington Wizards,Chandler Hutchison,current roster,0,0,1,0,0,0,Guaranteed,2443440
2020-21,Washington Wizards,Daniel Gafford,current roster,0,0,1,0,0,0,Guaranteed,1517981
2020-21,Washington Wizards,Davis Bertans,current roster,0,0,1,0,0,0,Guaranteed,15000000
2020-21,Washington Wizards,Deni Avdija,current roster,0,0,1,0,0,0,Guaranteed,4469160
2020-21,Washington Wizards,Isaac Bonga,current roster,0,0,1,0,0,0,Guaranteed,1663861
2020-21,Washington Wizards,Ish Smith,current roster,1,0,1,0,0,0,Guaranteed,6000000
2020-21,Washington Wizards,Jerome Robinson,current roster,1,0,1,0,0,0,Guaranteed,3737520
2020-21,Washington Wizards,Jordan Bell,E,0,0,0,0,0,0,Not With Team,110998
2020-21,Washington Wizards,Raul Neto,current roster,1,0,1,0,0,0,Guaranteed,1620564
2020-21,Washington Wizards,Robin Lopez,current roster,1,0,1,0,0,0,Guaranteed,7300000
2020-21,Washington Wizards,Rui Hachimura,current roster,0,0,1,0,0,0,Guaranteed,4692840
2020-21,Washington Wizards,Russell Westbrook,current roster,0,0,1,0,0,0,Guaranteed,41358814
2020-21,Washington Wizards,Thomas Bryant,current roster,0,0,1,0,0,0,Guaranteed,8333333
